<?xml version="1.0" encoding="UTF-8"?>
<databaseChangeLog xmlns="http://www.liquibase.org/xml/ns/dbchangelog" xmlns:ext="http://www.liquibase.org/xml/ns/dbchangelog-ext"
	xmlns:xsi="http://www.w3.org/2001/XMLSchema-instance"
	xsi:schemaLocation="http://www.liquibase.org/xml/ns/dbchangelog http://www.liquibase.org/xml/ns/dbchangelog/dbchangelog-2.0.xsd  http://www.liquibase.org/xml/ns/dbchangelog-ext http://www.liquibase.org/xml/ns/dbchangelog/dbchangelog-ext.xsd">
	<changeSet id="20190701_204630" author="Vanessa">
		<preConditions onFail="CONTINUE">
			<not>
				<tableExists tableName="tb_produto" />
			</not>
		</preConditions>
		<createTable tableName="tb_produto">
			<column name="id_produto" type="NUMBER(18,0)" remarks="CÓDIGO INDENTIFICADOR">
				<constraints primaryKey="true" primaryKeyName="produto_pk" nullable="false" />
			</column>

			<column name="tx_descricao" type="VARCHAR(100)" remarks="DESCRIÇÃO DO PRODUTO">
				<constraints nullable="false" />
			</column>

			<column name="nr_codigobarras" type="NUMBER(18,0)" remarks="CÓDIGO DE BARRAS">
				<constraints nullable="true"/>
			</column>
			
			<column name="cd_subcategoria" type="NUMBER(18,0)" remarks="CÓDIGO DA SUBCATEGORIA">
				<constraints nullable="false" foreignKeyName="produto_subcategoria_fk" references="tb_subcategoria(id_subcategoria)" />
			</column>

			<column name="cd_fornecedor" type="NUMBER(18,0)" remarks="CÓDIGO DO FORNECEDOR">
				<constraints nullable="true" />
			</column>

			<column name="cd_unidade" type="NUMBER(18,0)" remarks="CÓDIGO DA UNIDADE">
				<constraints nullable="false" foreignKeyName="produto_unidade_fk" references="tb_unidade(id_unidade)" />
			</column>

			<column name="cd_marca" type="NUMBER(18,0)" remarks="CÓDIGO DA MARCA">
				<constraints nullable="false" foreignKeyName="produto_marca_fk" references="tb_marca(id_marca)" />
			</column>

			<column name="cd_tipo" type="NUMBER(18,0)" remarks="CÓDIGO DO TIPO DE PRODUTO">
				<constraints nullable="false" />
			</column>

			<column name="vl_estoqueminimo" type="NUMBER(18,3)" remarks="ESTOQUE MÍNIMO">
				<constraints nullable="false" />
			</column>

			<column name="vl_estoquemaximo" type="NUMBER(18,3)" remarks="ESTOQUE MÁXIMO">
				<constraints nullable="false" />
			</column>

			<column name="fl_quantidadefracionada" type="BOOLEAN" remarks="QUANTIDADE FRACIONADA">
				<constraints nullable="false" />
			</column>

			<column name="fl_movimentaestoque" type="BOOLEAN" remarks="MOVIMENTA ESTOQUE">
				<constraints nullable="false" />
			</column>

			<column name="cd_status" type="NUMERIC(2,0)" remarks="STATUS DO PRODUTO">
				<constraints nullable="false" />
			</column>

		</createTable>

		<createSequence sequenceName="gen_produto" />
	</changeSet>
</databaseChangeLog>
