<?xml version="1.0" encoding="UTF-8"?>
<databaseChangeLog xmlns="http://www.liquibase.org/xml/ns/dbchangelog"
	xmlns:ext="http://www.liquibase.org/xml/ns/dbchangelog-ext" xmlns:xsi="http://www.w3.org/2001/XMLSchema-instance"
	xsi:schemaLocation="http://www.liquibase.org/xml/ns/dbchangelog http://www.liquibase.org/xml/ns/dbchangelog/dbchangelog-2.0.xsd  http://www.liquibase.org/xml/ns/dbchangelog-ext http://www.liquibase.org/xml/ns/dbchangelog/dbchangelog-ext.xsd">
	<changeSet id="20190510_201300" author="JOAO/BUENO">
		<preConditions onFail="CONTINUE">
			<not>
				<tableExists tableName="tb_marca" />
			</not>
		</preConditions>
		<createTable tableName="tb_marca">
			<column name="id_marca" type="NUMBER(18,0)" remarks="CÓDIGO INDENTIFICADOR">
				<constraints primaryKey="true" primaryKeyName="marca_pk"
					nullable="false" />
			</column>
			<column name="tx_descricao" type="VARCHAR(100)" remarks="DESCRIÇAO DA MARCA">
				<constraints nullable="false" />
			</column>
	
		</createTable>
		
		<createSequence sequenceName="gen_marca" />
		
	</changeSet>
</databaseChangeLog>

