<?xml version="1.0" encoding="UTF-8"?>
<databaseChangeLog xmlns="http://www.liquibase.org/xml/ns/dbchangelog" xmlns:ext="http://www.liquibase.org/xml/ns/dbchangelog-ext"
	xmlns:xsi="http://www.w3.org/2001/XMLSchema-instance"
	xsi:schemaLocation="http://www.liquibase.org/xml/ns/dbchangelog http://www.liquibase.org/xml/ns/dbchangelog/dbchangelog-2.0.xsd  http://www.liquibase.org/xml/ns/dbchangelog-ext http://www.liquibase.org/xml/ns/dbchangelog/dbchangelog-ext.xsd">
	<changeSet id="20190626_114600" author="Leandro Zanatta">

		<insert tableName="tb_programa">
			<column name="id_programa" value="8" />
			<column name="cd_programa" value="1" />
			<column name="tx_descricao" value="FRMAPPLICATION_MI_CATEGORIA" />
			<column name="tx_icone" value="categorias.png" />
			<column name="fl_acessorapido" valueBoolean="false" />
		</insert>

		<insert tableName="tb_permissaoprograma">
			<column name="id_permissaoprograma" value="8" />
			<column name="cd_usuario" value="1" />
			<column name="cd_programa" value="8" />
			<column name="fl_leitura" valueBoolean="true" />
			<column name="fl_cadastro" valueBoolean="true" />
			<column name="fl_exclusao" valueBoolean="true" />
		</insert>

	</changeSet>
</databaseChangeLog>
