<?xml version="1.0" encoding="UTF-8"?>
<databaseChangeLog xmlns="http://www.liquibase.org/xml/ns/dbchangelog" xmlns:ext="http://www.liquibase.org/xml/ns/dbchangelog-ext"
	xmlns:xsi="http://www.w3.org/2001/XMLSchema-instance"
	xsi:schemaLocation="http://www.liquibase.org/xml/ns/dbchangelog http://www.liquibase.org/xml/ns/dbchangelog/dbchangelog-2.0.xsd  http://www.liquibase.org/xml/ns/dbchangelog-ext http://www.liquibase.org/xml/ns/dbchangelog/dbchangelog-ext.xsd">

	<changeSet id="20191104_173500" author="lucas">

		<preConditions onFail="CONTINUE">
			<not>
				<tableExists tableName="tb_estoque" />
			</not>
		</preConditions>

		<createTable tableName="tb_estoque">

			<column name="id_estoque" type="NUMBER(18,0)" remarks="CÓDIGO SEQUENCIAL DA TABELA">
				<constraints primaryKey="true" primaryKeyName="estoque_pk" nullable="false" />
			</column>

			<column name="cd_produto" type="NUMBER(1)" remarks="CÓDIGO DO PRODUTO">
				<constraints nullable="false" />
			</column>

			<column name="dt_registro" type="TIMESTAMP" remarks="DATA DE REGISTRO DE ESOQUE">
				<constraints nullable="false" />
			</column>

			<column name="fl_tipooperacao" type="VARCHAR(1)" remarks="C credito D debito ">
				<constraints nullable="false" />
			</column>

			<column name="nr_quantidade" type="NUMBER(18,3)" remarks="QUANTIDADE" />

			<column name="vl_unitario" type="NUMBER(18,3)" remarks="VALOR UNITÁRIO DO PRODUTO">
				<constraints nullable="false" />
			</column>

			<column name="vl_total" type="NUMBER(18,2)" remarks="VALOR TOTAL DO PRODUTO ">
				<constraints nullable="false" />
			</column>

			
		</createTable>

		<createSequence sequenceName="gen_cliente" startValue="2" />
	</changeSet>



</databaseChangeLog>
