<?xml version="1.0" encoding="UTF-8"?>
<databaseChangeLog xmlns="http://www.liquibase.org/xml/ns/dbchangelog" xmlns:ext="http://www.liquibase.org/xml/ns/dbchangelog-ext"
	xmlns:xsi="http://www.w3.org/2001/XMLSchema-instance"
	xsi:schemaLocation="http://www.liquibase.org/xml/ns/dbchangelog http://www.liquibase.org/xml/ns/dbchangelog/dbchangelog-2.0.xsd  http://www.liquibase.org/xml/ns/dbchangelog-ext http://www.liquibase.org/xml/ns/dbchangelog/dbchangelog-ext.xsd">
	<changeSet id="20191026_172500" author="Leandro Zanatta">

		<preConditions onFail="CONTINUE">
			<not>
				<tableExists tableName="tb_sincronizacaotabelas" />
			</not>
		</preConditions>

		<createTable tableName="tb_sincronizacaotabelas">

			<column name="cd_tabela" type="NUMBER(18,0)" remarks="Código da tabela">
				<constraints primaryKey="true" primaryKeyName="sincronizacaotabelas_pk" nullable="false" />
			</column>

			<column name="dt_atualizacao" type="TIMESTAMP" remarks="DATA DE ATUALIZACAO" />

			<column name="nr_sincronizacaoversao" type="NUMBER(18,0)" remarks="Número da Versao" />

		</createTable>

	</changeSet>
</databaseChangeLog>
