<?xml version="1.0" encoding="UTF-8"?>
<databaseChangeLog xmlns="http://www.liquibase.org/xml/ns/dbchangelog" xmlns:ext="http://www.liquibase.org/xml/ns/dbchangelog-ext"
	xmlns:xsi="http://www.w3.org/2001/XMLSchema-instance"
	xsi:schemaLocation="http://www.liquibase.org/xml/ns/dbchangelog http://www.liquibase.org/xml/ns/dbchangelog/dbchangelog-2.0.xsd  http://www.liquibase.org/xml/ns/dbchangelog-ext http://www.liquibase.org/xml/ns/dbchangelog/dbchangelog-ext.xsd">
	<changeSet id="20190827_194500" author="Leandro Zanatta">

		<preConditions onFail="CONTINUE">
			<not>
				<tableExists tableName="tb_fornecedor" />
			</not>
		</preConditions>

		<createTable tableName="tb_fornecedor">

			<column name="id_fornecedor" type="NUMBER(18,0)" remarks="CÓDIGO INDENTIFICADOR">
				<constraints primaryKey="true" primaryKeyName="fornecedor_pk" nullable="false" />
			</column>

			<column name="cd_cliente" type="NUMBER(18,0)" remarks="CÓDIGO DO CLIENTE">
				<constraints nullable="false" foreignKeyName="fornecedor_cliente_fk" references="tb_cliente(id_cliente)" />
			</column>

			<column name="cd_planoconta" type="NUMBER(18,0)" remarks="CÓDIGO DO CLIENTE">
				<constraints nullable="false" foreignKeyName="fornecedor_conta_fk" references="tb_planocontas(id_planocontas)" />
			</column>

			<column name="nr_banco" type="NUMBER(3,0)" remarks="DESCRIÇÃO DO BANCO" />

			<column name="tx_agencia" type="VARCHAR(18)" remarks="NÚMERO DA AGENCIA" />

			<column name="tx_conta" type="VARCHAR(18)" remarks="NÚMERO DA CONTA" />

			<column name="nr_tipoconta" type="NUMBER(1,0)" remarks="TIPO DA CONTA(1-CORRENTE,2-POUPANÇA)" />

			<column name="cd_status" type="NUMBER(1,0)" remarks="STATUS SOCIAL">
				<constraints nullable="false" />
			</column>

			<column name="tx_observacao" type="VARCHAR(255)" remarks="OBSERVAÇÃO" />

		</createTable>

		<createSequence sequenceName="gen_fornecedor" />
	</changeSet>
</databaseChangeLog>
