<?xml version="1.0" encoding="UTF-8"?>
<databaseChangeLog xmlns="http://www.liquibase.org/xml/ns/dbchangelog" xmlns:ext="http://www.liquibase.org/xml/ns/dbchangelog-ext"
	xmlns:xsi="http://www.w3.org/2001/XMLSchema-instance"
	xsi:schemaLocation="http://www.liquibase.org/xml/ns/dbchangelog http://www.liquibase.org/xml/ns/dbchangelog/dbchangelog-2.0.xsd  http://www.liquibase.org/xml/ns/dbchangelog-ext http://www.liquibase.org/xml/ns/dbchangelog/dbchangelog-ext.xsd">
	<changeSet id="20191030_202200" author="Leandro Zanatta">
		<preConditions onFail="CONTINUE">
			<not>
				<tableExists tableName="tb_empresa" />
			</not>
		</preConditions>
		<createTable tableName="tb_empresa">

			<column name="id_empresa" type="NUMBER(18,0)" remarks="CÓDIGO INDENTIFICADOR">
				<constraints primaryKey="true" primaryKeyName="empresa_pk" nullable="false" />
			</column>

			<column name="cd_cliente" type="NUMBER(18,0)" remarks="CÓDIGO DO CLIENTE">
				<constraints nullable="false" foreignKeyName="empresa_cliente_fk" references="tb_cliente(id_cliente)" />
			</column>

			<column name="cd_matriz" type="NUMBER(18,0)" remarks="CÓDIGO DA MATRIZ">
				<constraints nullable="true" foreignKeyName="empresa_matriz_fk" references="tb_empresa(id_empresa)" />
			</column>

			<column name="tx_nomefantasia" type="VARCHAR(100)" remarks="NOME FANTASIA DA EMPRESA">
				<constraints nullable="false" />
			</column>

			<column name="tx_inscricaomunicipal" type="VARCHAR(15)" remarks="Inscrição Municipal">
				<constraints nullable="true" />
			</column>

			<column name="cd_identificacao" type="NUMBER(1,0)" remarks="Identificação da Empresa">
				<constraints nullable="false" />
			</column>

			<column name="cd_tributacao" type="NUMBER(2,0)" remarks="Código da Tributação">
				<constraints nullable="false" />
			</column>

			<column name="fl_apuracao" type="VARCHAR(1)" remarks="Forma de apuração (A - Anual, T - Trimestral)">
				<constraints nullable="false" />
			</column>

			<column name="cd_apuracaoestoque" type="NUMBER(2,0)" remarks="Código da apuração de estoque">
				<constraints nullable="false" />
			</column>

		</createTable>

		<createSequence sequenceName="gen_empresa"/>

	</changeSet>
</databaseChangeLog>
