<?xml version="1.0" encoding="UTF-8"?>
<databaseChangeLog xmlns="http://www.liquibase.org/xml/ns/dbchangelog" xmlns:ext="http://www.liquibase.org/xml/ns/dbchangelog-ext"
	xmlns:xsi="http://www.w3.org/2001/XMLSchema-instance"
	xsi:schemaLocation="http://www.liquibase.org/xml/ns/dbchangelog http://www.liquibase.org/xml/ns/dbchangelog/dbchangelog-2.0.xsd  http://www.liquibase.org/xml/ns/dbchangelog-ext http://www.liquibase.org/xml/ns/dbchangelog/dbchangelog-ext.xsd">
	<changeSet id="20191006_141601" author="Leandro Zanatta">

		<preConditions onFail="CONTINUE">
			<not>
				<tableExists tableName="tb_modulo" />
			</not>
		</preConditions>

		<createTable tableName="tb_modulo">

			<column name="id_modulo" type="NUMBER(18,0)" remarks="CÓDIGO DO MÓDULO">
				<constraints primaryKey="true" primaryKeyName="modulo_pk" nullable="false" />
			</column>

			<column name="tx_descricao" type="VARCHAR(100)" remarks="DESCRIÇÃO DO MÓDULO">
				<constraints nullable="false" />
			</column>

			<column name="fl_desacoplar" type="VARCHAR(1)" remarks="PERMITE DESACOPLAR MÓDULO(S/N)">
				<constraints nullable="false" />
			</column>

		</createTable>


	</changeSet>
</databaseChangeLog>
