<?xml version="1.0" encoding="UTF-8"?>
<databaseChangeLog xmlns="http://www.liquibase.org/xml/ns/dbchangelog"
	xmlns:ext="http://www.liquibase.org/xml/ns/dbchangelog-ext" xmlns:xsi="http://www.w3.org/2001/XMLSchema-instance"
	xsi:schemaLocation="http://www.liquibase.org/xml/ns/dbchangelog http://www.liquibase.org/xml/ns/dbchangelog/dbchangelog-2.0.xsd  http://www.liquibase.org/xml/ns/dbchangelog-ext http://www.liquibase.org/xml/ns/dbchangelog/dbchangelog-ext.xsd">
	<changeSet id="20190605_190100" author="Lucas">
		<preConditions onFail="CONTINUE">
			<not>
				<tableExists tableName="tb_categoria" />
			</not>
		</preConditions>
		<createTable tableName="tb_categoria">
			<column name="id_categoria" type="NUMBER(18,0)" remarks="CÓDIGO INDENTIFICADOR">
				<constraints primaryKey="true" primaryKeyName="categoria_pk"
					nullable="false" />
			</column>
			
			<column name="cd_departamento" type="NUMBER(18,0)" remarks="CÓDIGO DO DEPARTAMENTO">
				<constraints nullable="false" foreignKeyName="categoria_departamento_fk" references="tb_departamento(id_departamento)" />
			</column>
			
			<column name="tx_descricao" type="VARCHAR(100)" remarks="DESCRICAO DA CATEGORIA">
				<constraints nullable="false" />
			</column>
			
		
		</createTable>
		
		<createSequence sequenceName="gen_categoria" />
		
	</changeSet>
</databaseChangeLog>
