<?xml version="1.0" encoding="UTF-8"?>
<databaseChangeLog xmlns="http://www.liquibase.org/xml/ns/dbchangelog" xmlns:ext="http://www.liquibase.org/xml/ns/dbchangelog-ext"
	xmlns:xsi="http://www.w3.org/2001/XMLSchema-instance"
	xsi:schemaLocation="http://www.liquibase.org/xml/ns/dbchangelog http://www.liquibase.org/xml/ns/dbchangelog/dbchangelog-2.0.xsd  http://www.liquibase.org/xml/ns/dbchangelog-ext http://www.liquibase.org/xml/ns/dbchangelog/dbchangelog-ext.xsd">
	<changeSet id="20190701_191000" author="Lucas">
		<preConditions onFail="CONTINUE">
			<not>
				<tableExists tableName="tb_subcategoria" />
			</not>
		</preConditions>
		
		<createTable tableName="tb_subcategoria">
		
			<column name="id_subcategoria" type="NUMBER(18,0)" remarks="CÓDIGO INDENTIFICADOR">
				<constraints primaryKey="true" primaryKeyName="subcategoria_pk" nullable="false" />
			</column>

			<column name="cd_categoria" type="NUMBER(18,0)" remarks="CÓDIGO DA CATEGORIA">
				<constraints nullable="false" foreignKeyName="subcategoria_categoria_fk" references="tb_categoria(id_categoria)" />
			</column>

			<column name="tx_descricao" type="VARCHAR(100)" remarks="DESCRICAO DA SUBCATEGORIA">
				<constraints nullable="false" />
			</column>


		</createTable>

		<createSequence sequenceName="gen_subcategoria" />

	</changeSet>
</databaseChangeLog>
