<?xml version="1.0" encoding="UTF-8"?>
<databaseChangeLog xmlns="http://www.liquibase.org/xml/ns/dbchangelog" xmlns:ext="http://www.liquibase.org/xml/ns/dbchangelog-ext"
	xmlns:xsi="http://www.w3.org/2001/XMLSchema-instance"
	xsi:schemaLocation="http://www.liquibase.org/xml/ns/dbchangelog http://www.liquibase.org/xml/ns/dbchangelog/dbchangelog-2.0.xsd  http://www.liquibase.org/xml/ns/dbchangelog-ext http://www.liquibase.org/xml/ns/dbchangelog/dbchangelog-ext.xsd">
	<changeSet id="20191006_141600" author="Leandro Zanatta">

		<preConditions onFail="CONTINUE">
			<not>
				<tableExists tableName="tb_pdv" />
			</not>
		</preConditions>

		<createTable tableName="tb_pdv">

			<column name="id_pdv" type="NUMBER(18,0)" remarks="CÓDIGO INDENTIFICADOR">
				<constraints primaryKey="true" primaryKeyName="pdv_pk" nullable="false" />
			</column>

			<column name="nr_pdv" type="NUMBER(18,0)" remarks="NÚMERO DO PDV">
				<constraints nullable="false" />
			</column>

			<column name="tx_ip" type="VARCHAR(16)" remarks="IP DO PDV">
				<constraints nullable="false" />
			</column>

			<column name="nr_situacao" type="NUMERIC (3,0)" remarks="CÓDIGO DA SITUAÇÃO">
				<constraints nullable="false" />
			</column>

		</createTable>

		<createSequence sequenceName="gen_pdv" />
	</changeSet>
</databaseChangeLog>
