<?xml version="1.0" encoding="UTF-8"?>
<databaseChangeLog xmlns="http://www.liquibase.org/xml/ns/dbchangelog" xmlns:ext="http://www.liquibase.org/xml/ns/dbchangelog-ext"
	xmlns:xsi="http://www.w3.org/2001/XMLSchema-instance"
	xsi:schemaLocation="http://www.liquibase.org/xml/ns/dbchangelog http://www.liquibase.org/xml/ns/dbchangelog/dbchangelog-2.0.xsd  http://www.liquibase.org/xml/ns/dbchangelog-ext http://www.liquibase.org/xml/ns/dbchangelog/dbchangelog-ext.xsd">
	<changeSet id="20191006_141601" author="Leandro Zanatta">

		<preConditions onFail="CONTINUE">
			<not>
				<tableExists tableName="tb_gerenciadorpdv" />
			</not>
		</preConditions>

		<createTable tableName="tb_gerenciadorpdv">

			<column name="id_gerenciadorpdv" type="NUMBER(18,0)" remarks="CÓDIGO INDENTIFICADOR">
				<constraints primaryKey="true" primaryKeyName="gerenciadorpdv_pk" nullable="false" />
			</column>

			<column name="tx_ip" type="VARCHAR(16)" remarks="IP DO GERENCIADOR">
				<constraints nullable="false" />
			</column>

			<column name="nr_porta" type="NUMBER(18,0)" remarks="PORTA DO GERENCIADOR">
				<constraints nullable="false" />
			</column>

		</createTable>

		<createSequence sequenceName="gen_gerenciadorpdv" />
	</changeSet>
</databaseChangeLog>
