<?xml version="1.0" encoding="UTF-8"?>
<databaseChangeLog xmlns="http://www.liquibase.org/xml/ns/dbchangelog" xmlns:ext="http://www.liquibase.org/xml/ns/dbchangelog-ext"
	xmlns:xsi="http://www.w3.org/2001/XMLSchema-instance"
	xsi:schemaLocation="http://www.liquibase.org/xml/ns/dbchangelog http://www.liquibase.org/xml/ns/dbchangelog/dbchangelog-2.0.xsd  http://www.liquibase.org/xml/ns/dbchangelog-ext http://www.liquibase.org/xml/ns/dbchangelog/dbchangelog-ext.xsd">

	<changeSet id="20190511_181200" author="leandro">

		<preConditions onFail="CONTINUE">
			<not>
				<tableExists tableName="tb_programa" />
			</not>
		</preConditions>

		<createTable tableName="tb_programa">

			<column name="id_programa" type="NUMBER(18,0)" remarks="CÓDIGO INDENTIFICADOR">
				<constraints primaryKey="true" primaryKeyName="programa_pk" nullable="false" />
			</column>

			<column name="cd_programa" type="NUMBER(18,0)" remarks="CÓDIGO DO MÓDULO">
				<constraints nullable="true" />
			</column>

			<column name="tx_descricao" type="VARCHAR(100)" remarks="NOME DO PROGRAMA">
				<constraints nullable="false" />
			</column>

			<column name="tx_icone" type="VARCHAR(100)" remarks="ÍCONE DO MENU">
				<constraints nullable="true" />
			</column>

			<column name="fl_acessorapido" type="BOOLEAN" remarks="ADICIONA AO ACESSO RÁPIDO">
				<constraints nullable="false" />
			</column>

		</createTable>

		<addForeignKeyConstraint baseColumnNames="cd_programa" baseTableName="tb_programa" constraintName="fk_programa_modulo"
			onDelete="CASCADE" onUpdate="CASCADE" referencedColumnNames="id_programa" referencedTableName="tb_programa" />

	</changeSet>



</databaseChangeLog>
