<?xml version="1.0" encoding="UTF-8"?>
<databaseChangeLog xmlns="http://www.liquibase.org/xml/ns/dbchangelog" xmlns:ext="http://www.liquibase.org/xml/ns/dbchangelog-ext"
	xmlns:xsi="http://www.w3.org/2001/XMLSchema-instance"
	xsi:schemaLocation="http://www.liquibase.org/xml/ns/dbchangelog http://www.liquibase.org/xml/ns/dbchangelog/dbchangelog-2.0.xsd  http://www.liquibase.org/xml/ns/dbchangelog-ext http://www.liquibase.org/xml/ns/dbchangelog/dbchangelog-ext.xsd">
	<changeSet id="20190605_195000" author="Gustavo e Uéslei">
		<preConditions onFail="CONTINUE">
			<not>
				<tableExists tableName="tb_unidade" />
			</not>
		</preConditions>
		<createTable tableName="tb_unidade">
			<column name="id_unidade" type="NUMBER(18,0)" remarks="CÓDIGO INDENTIFICADOR">
				<constraints primaryKey="true" primaryKeyName="unidade_pk" nullable="false" />
			</column>
			<column name="tx_descricao" type="VARCHAR(100)" remarks="NOME DA UNIDADE">
				<constraints nullable="false" />
			</column>
			<column name="tx_descricaoreduzida" type="VARCHAR(3)" remarks="DESCRIÇÃO REDUZIDA">
				<constraints nullable="false" />
			</column>
		</createTable>

		<createSequence sequenceName="gen_unidade" />

	</changeSet>
</databaseChangeLog>
