<?xml version="1.0" encoding="UTF-8"?>
<databaseChangeLog xmlns="http://www.liquibase.org/xml/ns/dbchangelog" xmlns:ext="http://www.liquibase.org/xml/ns/dbchangelog-ext"
	xmlns:xsi="http://www.w3.org/2001/XMLSchema-instance"
	xsi:schemaLocation="http://www.liquibase.org/xml/ns/dbchangelog http://www.liquibase.org/xml/ns/dbchangelog/dbchangelog-2.0.xsd  http://www.liquibase.org/xml/ns/dbchangelog-ext http://www.liquibase.org/xml/ns/dbchangelog/dbchangelog-ext.xsd">

	<changeSet id="20190508_215800" author="leandro">

		<preConditions onFail="CONTINUE">
			<not>
				<tableExists tableName="tb_cliente" />
			</not>
		</preConditions>

		<createTable tableName="tb_cliente">

			<column name="id_cliente" type="NUMBER(18,0)" remarks="CÓDIGO INDENTIFICADOR">
				<constraints primaryKey="true" primaryKeyName="cliente_pk" nullable="false" />
			</column>

			<column name="tx_nome" type="VARCHAR(100)" remarks="NOME DO CLIENTE">
				<constraints nullable="false" />
			</column>
			
			<column name="cd_cidade" type="NUMBER(18,0)" remarks="CÓDIGO DA CIDADE">
				<constraints nullable="false" foreignKeyName="cliente_cidade_fk" references="tb_cidade(id_cidade)" />
			</column>
		
		</createTable>
		
		<createSequence sequenceName="gen_cliente" />
	</changeSet>



</databaseChangeLog>
