<?xml version="1.0" encoding="UTF-8"?>
<databaseChangeLog xmlns="http://www.liquibase.org/xml/ns/dbchangelog" xmlns:ext="http://www.liquibase.org/xml/ns/dbchangelog-ext"
	xmlns:xsi="http://www.w3.org/2001/XMLSchema-instance"
	xsi:schemaLocation="http://www.liquibase.org/xml/ns/dbchangelog http://www.liquibase.org/xml/ns/dbchangelog/dbchangelog-2.0.xsd  http://www.liquibase.org/xml/ns/dbchangelog-ext http://www.liquibase.org/xml/ns/dbchangelog/dbchangelog-ext.xsd">
	<changeSet id="20190626_115300" author="Leandro Zanatta">

		<insert tableName="tb_pesquisa">
			<column name="id_pesquisa" value="3" />
			<column name="cd_pesquisa" value="3" />
			<column name="tx_descricao" value="ESTADOS GERAL" />
			<column name="nr_paginacao" value="20" />
			<column name="cd_tipo" value="0" />
		</insert>

		<insert tableName="tb_pesquisacampo">
			<column name="id_pesquisacampo" value="6" />
			<column name="cd_pesquisa" value="3" />
			<column name="fl_formatacao" value="0" />
			<column name="fl_tipodado" value="1" />
			<column name="fl_tipotamanho" value="1" />
			<column name="fl_ordem" value="1" />
			<column name="nr_tamanho" value="120" />
			<column name="tx_campo" value="idEstado" />
			<column name="tx_descricao" value="Código" />
		</insert>

		<insert tableName="tb_pesquisacampo">
			<column name="id_pesquisacampo" value="7" />
			<column name="cd_pesquisa" value="3" />
			<column name="fl_formatacao" value="0" />
			<column name="fl_tipodado" value="2" />
			<column name="fl_tipotamanho" value="2" />
			<column name="fl_ordem" value="2" />
			<column name="nr_tamanho" value="1" />
			<column name="tx_campo" value="descricao" />
			<column name="tx_descricao" value="Estado" />
		</insert>
		
		<insert tableName="tb_pesquisacampo">
			<column name="id_pesquisacampo" value="8" />
			<column name="cd_pesquisa" value="3" />
			<column name="fl_formatacao" value="0" />
			<column name="fl_tipodado" value="2" />
			<column name="fl_tipotamanho" value="1" />
			<column name="fl_ordem" value="3" />
			<column name="nr_tamanho" value="100" />
			<column name="tx_campo" value="uf" />
			<column name="tx_descricao" value="UF" />
		</insert>

		<insert tableName="tb_permissaopesquisa">
			<column name="id_permissaopesquisa" value="3" />
			<column name="cd_pesquisa" value="3" />
			<column name="cd_usuario" value="1" />
		</insert>

	</changeSet>
</databaseChangeLog>
