<?xml version="1.0" encoding="UTF-8"?>
<databaseChangeLog xmlns="http://www.liquibase.org/xml/ns/dbchangelog" xmlns:ext="http://www.liquibase.org/xml/ns/dbchangelog-ext"
	xmlns:xsi="http://www.w3.org/2001/XMLSchema-instance"
	xsi:schemaLocation="http://www.liquibase.org/xml/ns/dbchangelog http://www.liquibase.org/xml/ns/dbchangelog/dbchangelog-2.0.xsd  http://www.liquibase.org/xml/ns/dbchangelog-ext http://www.liquibase.org/xml/ns/dbchangelog/dbchangelog-ext.xsd">
	<changeSet id="20190704_202400" author="Leandro Zanatta">

		<insert tableName="tb_pesquisa">
			<column name="id_pesquisa" value="9" />
			<column name="cd_pesquisa" value="9" />
			<column name="tx_descricao" value="SUBCATEGORIAS GERAL" />
			<column name="nr_paginacao" value="20" />
			<column name="cd_tipo" value="0" />
		</insert>

		<insert tableName="tb_pesquisacampo">
			<column name="id_pesquisacampo" value="21" />
			<column name="cd_pesquisa" value="9" />
			<column name="fl_formatacao" value="0" />
			<column name="fl_tipodado" value="1" />
			<column name="fl_tipotamanho" value="1" />
			<column name="fl_ordem" value="1" />
			<column name="nr_tamanho" value="120" />
			<column name="tx_campo" value="idSubcategoria" />
			<column name="tx_descricao" value="Código" />
		</insert>

		<insert tableName="tb_pesquisacampo">
			<column name="id_pesquisacampo" value="22" />
			<column name="cd_pesquisa" value="9" />
			<column name="fl_formatacao" value="0" />
			<column name="fl_tipodado" value="2" />
			<column name="fl_tipotamanho" value="2" />
			<column name="fl_ordem" value="2" />
			<column name="nr_tamanho" value="2" />
			<column name="tx_campo" value="categoria.departamento.descricao" />
			<column name="tx_descricao" value="Departamento" />
		</insert>
		
			<insert tableName="tb_pesquisacampo">
			<column name="id_pesquisacampo" value="23" />
			<column name="cd_pesquisa" value="9" />
			<column name="fl_formatacao" value="0" />
			<column name="fl_tipodado" value="2" />
			<column name="fl_tipotamanho" value="2" />
			<column name="fl_ordem" value="3" />
			<column name="nr_tamanho" value="2" />
			<column name="tx_campo" value="categoria.descricao" />
			<column name="tx_descricao" value="Categoria" />
		</insert>

		<insert tableName="tb_pesquisacampo">
			<column name="id_pesquisacampo" value="24" />
			<column name="cd_pesquisa" value="9" />
			<column name="fl_formatacao" value="0" />
			<column name="fl_tipodado" value="2" />
			<column name="fl_tipotamanho" value="2" />
			<column name="fl_ordem" value="4" />
			<column name="nr_tamanho" value="3" />
			<column name="tx_campo" value="descricao" />
			<column name="tx_descricao" value="Subcategoria" />
		</insert>

		<insert tableName="tb_permissaopesquisa">
			<column name="id_permissaopesquisa" value="9" />
			<column name="cd_pesquisa" value="9" />
			<column name="cd_usuario" value="1" />
		</insert>

	</changeSet>
</databaseChangeLog>
