<?xml version="1.0" encoding="UTF-8"?>
<databaseChangeLog xmlns="http://www.liquibase.org/xml/ns/dbchangelog" xmlns:ext="http://www.liquibase.org/xml/ns/dbchangelog-ext"
	xmlns:xsi="http://www.w3.org/2001/XMLSchema-instance"
	xsi:schemaLocation="http://www.liquibase.org/xml/ns/dbchangelog http://www.liquibase.org/xml/ns/dbchangelog/dbchangelog-2.0.xsd  http://www.liquibase.org/xml/ns/dbchangelog-ext http://www.liquibase.org/xml/ns/dbchangelog/dbchangelog-ext.xsd">
	<changeSet id="20190828_225700" author="Leandro Zanatta">

		<insert tableName="tb_pesquisa">
			<column name="id_pesquisa" value="11" />
			<column name="cd_pesquisa" value="11" />
			<column name="tx_descricao" value="NOTAS DE ENTRADA GERAL" />
			<column name="nr_paginacao" value="20" />
			<column name="cd_tipo" value="0" />
		</insert>

		<insert tableName="tb_pesquisacampo">
			<column name="id_pesquisacampo" value="27" />
			<column name="cd_pesquisa" value="11" />
			<column name="fl_formatacao" value="0" />
			<column name="fl_tipodado" value="1" />
			<column name="fl_tipotamanho" value="1" />
			<column name="fl_ordem" value="1" />
			<column name="nr_tamanho" value="120" />
			<column name="tx_campo" value="idEntradaCabecalho" />
			<column name="tx_descricao" value="Código" />
		</insert>

		<insert tableName="tb_pesquisacampo">
			<column name="id_pesquisacampo" value="28" />
			<column name="cd_pesquisa" value="11" />
			<column name="fl_formatacao" value="2" />
			<column name="fl_tipodado" value="3" />
			<column name="fl_tipotamanho" value="2" />
			<column name="fl_ordem" value="2" />
			<column name="nr_tamanho" value="1" />
			<column name="tx_campo" value="dataEmissao" />
			<column name="tx_campo" value="dataEmissao" />
			<column name="tx_formato" value="1" />
		</insert>
		
		<insert tableName="tb_pesquisacampo">
			<column name="id_pesquisacampo" value="29" />
			<column name="cd_pesquisa" value="11" />
			<column name="fl_formatacao" value="3" />
			<column name="fl_tipodado" value="4" />
			<column name="fl_tipotamanho" value="2" />
			<column name="fl_ordem" value="3" />
			<column name="nr_tamanho" value="1" />
			<column name="tx_campo" value="valorNota" />
			<column name="tx_descricao" value="Valor da Nota" />
			<column name="tx_formato" value="2" />
		</insert>

		<insert tableName="tb_permissaopesquisa">
			<column name="id_permissaopesquisa" value="11" />
			<column name="cd_pesquisa" value="11" />
			<column name="cd_usuario" value="1" />
		</insert>

	</changeSet>
</databaseChangeLog>
