<?xml version="1.0" encoding="UTF-8"?>
<databaseChangeLog xmlns="http://www.liquibase.org/xml/ns/dbchangelog" xmlns:ext="http://www.liquibase.org/xml/ns/dbchangelog-ext"
	xmlns:xsi="http://www.w3.org/2001/XMLSchema-instance"
	xsi:schemaLocation="http://www.liquibase.org/xml/ns/dbchangelog http://www.liquibase.org/xml/ns/dbchangelog/dbchangelog-2.0.xsd  http://www.liquibase.org/xml/ns/dbchangelog-ext http://www.liquibase.org/xml/ns/dbchangelog/dbchangelog-ext.xsd">
	<changeSet id="20190626_113900" author="Leandro Zanatta">

		<insert tableName="tb_programa">
			<column name="id_programa" value="1" />
			<column name="nr_ordem" value="1" />
			<column name="tx_descricao" value="FRMAPPLICATION_MN_CADASTRO" />
			<column name="fl_acessorapido" valueBoolean="false" />
		</insert>

		<insert tableName="tb_programa">
			<column name="id_programa" value="2" />
			<column name="nr_ordem" value="1" />
			<column name="cd_programa" value="1" />
			<column name="tx_descricao" value="FRMAPPLICATION_MI_PERFIS" />
			<column name="tx_icone" value="perfil.png" />
			<column name="fl_acessorapido" valueBoolean="false" />
		</insert>

		<insert tableName="tb_programa">
			<column name="id_programa" value="3" />
			<column name="nr_ordem" value="2" />
			<column name="cd_programa" value="1" />
			<column name="tx_descricao" value="FRMAPPLICATION_MI_ESTADOS" />
			<column name="tx_icone" value="estado.png" />
			<column name="fl_acessorapido" valueBoolean="false" />
		</insert>

		<insert tableName="tb_programa">
			<column name="id_programa" value="4" />
			<column name="nr_ordem" value="3" />
			<column name="cd_programa" value="1" />
			<column name="tx_descricao" value="FRMAPPLICATION_MI_CIDADES" />
			<column name="tx_icone" value="cidade.png" />
			<column name="fl_acessorapido" valueBoolean="false" />
		</insert>

		<insert tableName="tb_programa">
			<column name="id_programa" value="5" />
			<column name="nr_ordem" value="4" />
			<column name="cd_programa" value="1" />
			<column name="tx_descricao" value="FRMAPPLICATION_MI_CLIENTES" />
			<column name="tx_icone" value="cliente.png" />
			<column name="fl_acessorapido" valueBoolean="false" />
		</insert>

		<insert tableName="tb_programa">
			<column name="id_programa" value="6" />
			<column name="cd_programa" value="1" />
			<column name="nr_ordem" value="5" />
			<column name="tx_descricao" value="FRMAPPLICATION_MI_USUARIOS" />
			<column name="fl_acessorapido" valueBoolean="false" />
		</insert>

		<insert tableName="tb_programa">
			<column name="id_programa" value="7" />
			<column name="nr_ordem" value="6" />
			<column name="cd_programa" value="1" />
			<column name="tx_descricao" value="FRMAPPLICATION_MI_MARCAS" />
			<column name="tx_icone" value="marca.png" />
			<column name="fl_acessorapido" valueBoolean="false" />
		</insert>

		<insert tableName="tb_programa">
			<column name="id_programa" value="8" />
			<column name="nr_ordem" value="7" />
			<column name="cd_programa" value="1" />
			<column name="tx_descricao" value="FRMAPPLICATION_MI_UNIDADES" />
			<column name="tx_icone" value="unidade.png" />
			<column name="fl_acessorapido" valueBoolean="false" />
		</insert>

		<insert tableName="tb_programa">
			<column name="id_programa" value="9" />
			<column name="nr_ordem" value="8" />
			<column name="cd_programa" value="1" />
			<column name="tx_descricao" value="FRMAPPLICATION_MI_DEPARTAMENTOS" />
			<column name="tx_icone" value="departamento.png" />
			<column name="fl_acessorapido" valueBoolean="false" />
		</insert>

		<insert tableName="tb_programa">
			<column name="id_programa" value="10" />
			<column name="nr_ordem" value="9" />
			<column name="cd_programa" value="1" />
			<column name="tx_descricao" value="FRMAPPLICATION_MI_CATEGORIAS" />
			<column name="tx_icone" value="categoria.png" />
			<column name="fl_acessorapido" valueBoolean="false" />
		</insert>

		<insert tableName="tb_programa">
			<column name="id_programa" value="11" />
			<column name="nr_ordem" value="10" />
			<column name="cd_programa" value="1" />
			<column name="tx_descricao" value="FRMAPPLICATION_MI_SUBCATEGORIAS" />
			<column name="tx_icone" value="subcategoria.png" />
			<column name="fl_acessorapido" valueBoolean="false" />
		</insert>

		<insert tableName="tb_programa">
			<column name="id_programa" value="12" />
			<column name="nr_ordem" value="11" />
			<column name="cd_programa" value="1" />
			<column name="tx_descricao" value="FRMAPPLICATION_MI_PRODUTOS" />
			<column name="tx_icone" value="produto.png" />
			<column name="fl_acessorapido" valueBoolean="false" />
		</insert>

		<insert tableName="tb_programa">
			<column name="id_programa" value="13" />
			<column name="nr_ordem" value="12" />
			<column name="cd_programa" value="1" />
			<column name="tx_descricao" value="FRMAPPLICATION_MI_FORMAS_PAGAMENTO" />
			<column name="tx_icone" value="formapagamento.png" />
			<column name="fl_acessorapido" valueBoolean="false" />
		</insert>

		<insert tableName="tb_programa">
			<column name="id_programa" value="14" />
			<column name="nr_ordem" value="2" />
			<column name="tx_descricao" value="FRMAPPLICATION_MN_FATURAMENTO" />
			<column name="fl_acessorapido" valueBoolean="false" />
		</insert>

		<insert tableName="tb_programa">
			<column name="id_programa" value="15" />
			<column name="nr_ordem" value="1" />
			<column name="cd_programa" value="14" />
			<column name="tx_descricao" value="FRMAPPLICATION_MI_CADASTRO_FORNECEDORES" />
			<column name="tx_icone" value="fornecedor.png" />
			<column name="fl_acessorapido" valueBoolean="false" />
		</insert>

		<insert tableName="tb_programa">
			<column name="id_programa" value="16" />
			<column name="nr_ordem" value="2" />
			<column name="cd_programa" value="14" />
			<column name="tx_descricao" value="FRMAPPLICATION_MI_ENTRADAS" />
			<column name="tx_icone" value="entrada.png" />
			<column name="fl_acessorapido" valueBoolean="false" />
		</insert>

		<insert tableName="tb_programa">
			<column name="id_programa" value="17" />
			<column name="nr_ordem" value="3" />
			<column name="cd_programa" value="14" />
			<column name="tx_descricao" value="FRMAPPLICATION_MI_FORMULACAO_PRECO" />
			<column name="tx_icone" value="preco.png" />
			<column name="fl_acessorapido" valueBoolean="false" />
		</insert>

		<insert tableName="tb_programa">
			<column name="id_programa" value="18" />
			<column name="nr_ordem" value="3" />
			<column name="tx_descricao" value="FRMAPPLICATION_MN_VENDAS" />
			<column name="fl_acessorapido" valueBoolean="false" />
		</insert>

		<insert tableName="tb_programa">
			<column name="id_programa" value="19" />
			<column name="nr_ordem" value="1" />
			<column name="cd_programa" value="18" />
			<column name="tx_descricao" value="FRMAPPLICATION_MN_PDV" />
			<column name="fl_acessorapido" valueBoolean="false" />
		</insert>

		<insert tableName="tb_programa">
			<column name="id_programa" value="20" />
			<column name="nr_ordem" value="1" />
			<column name="cd_programa" value="19" />
			<column name="tx_descricao" value="FRMAPPLICATION_MI_CADASTRO" />
			<column name="fl_acessorapido" valueBoolean="false" />
		</insert>

		<insert tableName="tb_programa">
			<column name="id_programa" value="21" />
			<column name="nr_ordem" value="2" />
			<column name="cd_programa" value="19" />
			<column name="tx_descricao" value="FRMAPPLICATION_MI_GERACAO_CARGA" />
			<column name="tx_icone" value="carga.png" />
			<column name="fl_acessorapido" valueBoolean="false" />
		</insert>

		<insert tableName="tb_programa">
			<column name="id_programa" value="22" />
			<column name="nr_ordem" value="3" />
			<column name="cd_programa" value="19" />
			<column name="tx_descricao" value="FRMAPPLICATION_MI_INTEGRACAO_VENDAS" />
			<column name="tx_icone" value="integracao.png" />
			<column name="fl_acessorapido" valueBoolean="false" />
		</insert>

		<insert tableName="tb_programa">
			<column name="id_programa" value="23" />
			<column name="nr_ordem" value="4" />
			<column name="tx_descricao" value="FRMAPPLICATION_MN_FINANCEIRO" />
			<column name="fl_acessorapido" valueBoolean="false" />
		</insert>

		<insert tableName="tb_programa">
			<column name="id_programa" value="24" />
			<column name="nr_ordem" value="1" />
			<column name="cd_programa" value="23" />
			<column name="tx_descricao" value="FRMAPPLICATION_MI_LIMITES" />
			<column name="tx_icone" value="limite.png" />
			<column name="fl_acessorapido" valueBoolean="false" />
		</insert>

		<insert tableName="tb_programa">
			<column name="id_programa" value="25" />
			<column name="nr_ordem" value="2" />
			<column name="cd_programa" value="23" />
			<column name="tx_descricao" value="FRMAPPLICATION_MI_CONVENIOS" />
			<column name="tx_icone" value="convenio.png" />
			<column name="fl_acessorapido" valueBoolean="false" />
		</insert>

		<insert tableName="tb_programa">
			<column name="id_programa" value="26" />
			<column name="nr_ordem" value="3" />
			<column name="cd_programa" value="23" />
			<column name="tx_descricao" value="FRMAPPLICATION_MI_CONTAS_PAGAR" />
			<column name="tx_icone" value="contaspagar.png" />
			<column name="fl_acessorapido" valueBoolean="false" />
		</insert>

		<insert tableName="tb_programa">
			<column name="id_programa" value="27" />
			<column name="nr_ordem" value="4" />
			<column name="cd_programa" value="23" />
			<column name="tx_descricao" value="FRMAPPLICATION_MI_CONTAS_RECEBER" />
			<column name="tx_icone" value="contasreceber.png" />
			<column name="fl_acessorapido" valueBoolean="false" />
		</insert>

		<insert tableName="tb_programa">
			<column name="id_programa" value="28" />
			<column name="nr_ordem" value="5" />
			<column name="tx_descricao" value="FRMAPPLICATION_MN_ESTOQUE" />
			<column name="fl_acessorapido" valueBoolean="false" />
		</insert>

		<insert tableName="tb_programa">
			<column name="id_programa" value="29" />
			<column name="nr_ordem" value="2" />
			<column name="cd_programa" value="28" />
			<column name="tx_descricao" value="FRMAPPLICATION_MI_CONSULTA_KARDEX" />
			<column name="tx_icone" value="kardex.png" />
			<column name="fl_acessorapido" valueBoolean="false" />
		</insert>

		<insert tableName="tb_programa">
			<column name="id_programa" value="30" />
			<column name="nr_ordem" value="6" />
			<column name="tx_descricao" value="FRMAPPLICATION_MN_CONTABILIDADE" />
			<column name="fl_acessorapido" valueBoolean="false" />
		</insert>

		<insert tableName="tb_programa">
			<column name="id_programa" value="31" />
			<column name="nr_ordem" value="1" />
			<column name="cd_programa" value="30" />
			<column name="tx_descricao" value="FRMAPPLICATION_MN_CONTABILIDADE_CADASTRO" />
			<column name="fl_acessorapido" valueBoolean="false" />
		</insert>

		<insert tableName="tb_programa">
			<column name="id_programa" value="32" />
			<column name="nr_ordem" value="1" />
			<column name="cd_programa" value="31" />
			<column name="tx_descricao" value="FRMAPPLICATION_MI_PLANO_CONTAS" />
			<column name="tx_icone" value="planoconta.png" />
			<column name="fl_acessorapido" valueBoolean="false" />
		</insert>

		<insert tableName="tb_programa">
			<column name="id_programa" value="33" />
			<column name="nr_ordem" value="2" />
			<column name="cd_programa" value="30" />
			<column name="tx_descricao" value="FRMAPPLICATION_MN_CONTABILIDADE_TESOURARIA" />
			<column name="fl_acessorapido" valueBoolean="false" />
		</insert>

		<insert tableName="tb_programa">
			<column name="id_programa" value="34" />
			<column name="nr_ordem" value="1" />
			<column name="cd_programa" value="33" />
			<column name="tx_descricao" value="FRMAPPLICATION_MI_FECHAMENTO_CAIXA" />
			<column name="tx_icone" value="fechamentocaixa.png" />
			<column name="fl_acessorapido" valueBoolean="false" />
		</insert>

		<insert tableName="tb_programa">
			<column name="id_programa" value="35" />
			<column name="nr_ordem" value="3" />
			<column name="cd_programa" value="30" />
			<column name="tx_descricao" value="FRMAPPLICATION_MN_CONTABILIDADE_RELATORIOS" />
			<column name="fl_acessorapido" valueBoolean="false" />
		</insert>

		<insert tableName="tb_programa">
			<column name="id_programa" value="36" />
			<column name="nr_ordem" value="1" />
			<column name="cd_programa" value="35" />
			<column name="tx_descricao" value="FRMAPPLICATION_MI_DRE" />
			<column name="tx_icone" value="dre.png" />
			<column name="fl_acessorapido" valueBoolean="false" />
		</insert>

		<insert tableName="tb_programa">
			<column name="id_programa" value="37" />
			<column name="nr_ordem" value="7" />
			<column name="tx_descricao" value="FRMAPPLICATION_MN_RELATORIOS" />
			<column name="fl_acessorapido" valueBoolean="false" />
		</insert>

		<insert tableName="tb_programa">
			<column name="id_programa" value="38" />
			<column name="nr_ordem" value="8" />
			<column name="tx_descricao" value="FRMAPPLICATION_MN_PESQUISA" />
			<column name="fl_acessorapido" valueBoolean="false" />
		</insert>

		<insert tableName="tb_programa">
			<column name="id_programa" value="39" />
			<column name="nr_ordem" value="1" />
			<column name="cd_programa" value="38" />
			<column name="tx_descricao" value="FRMAPPLICATION_MI_PESQUISA_BASICA" />
			<column name="tx_icone" value="pesquisa.png" />
			<column name="fl_acessorapido" valueBoolean="false" />
		</insert>

		<insert tableName="tb_programa">
			<column name="id_programa" value="40" />
			<column name="nr_ordem" value="1" />
			<column name="cd_programa" value="6" />
			<column name="tx_descricao" value="FRMAPPLICATION_MI_CADASTRO_USUARIOS" />
			<column name="tx_icone" value="usuario.png" />
			<column name="fl_acessorapido" valueBoolean="false" />
		</insert>

		<insert tableName="tb_programa">
			<column name="id_programa" value="41" />
			<column name="nr_ordem" value="2" />
			<column name="cd_programa" value="6" />
			<column name="tx_descricao" value="FRMAPPLICATION_MI_PERMISSAO_MENUS" />
			<column name="tx_icone" value="usuario.png" />
			<column name="fl_acessorapido" valueBoolean="false" />
		</insert>

		<insert tableName="tb_programa">
			<column name="id_programa" value="42" />
			<column name="nr_ordem" value="2" />
			<column name="cd_programa" value="28" />
			<column name="tx_descricao" value="FRMAPPLICATION_MI_OPERACOES_ESTOQUE" />
			<column name="tx_icone" value="estoque.png" />
			<column name="fl_acessorapido" valueBoolean="false" />
		</insert>
		
		<insert tableName="tb_programa">
			<column name="id_programa" value="43" />
			<column name="nr_ordem" value="1" />
			<column name="cd_programa" value="20" />
			<column name="tx_descricao" value="FRMAPPLICATION_MI_CADASTRO_PDV" />
			<column name="tx_icone" value="pdv.png" />
			<column name="fl_acessorapido" valueBoolean="false" />
		</insert>
		
		<insert tableName="tb_programa">
			<column name="id_programa" value="44" />
			<column name="nr_ordem" value="2" />
			<column name="cd_programa" value="20" />
			<column name="tx_descricao" value="FRMAPPLICATION_MI_CADASTRO_MODULOS" />
			<column name="tx_icone" value="module.png" />
			<column name="fl_acessorapido" valueBoolean="false" />
		</insert>
	</changeSet>
</databaseChangeLog>
