<?xml version="1.0" encoding="UTF-8"?>
<databaseChangeLog xmlns="http://www.liquibase.org/xml/ns/dbchangelog" xmlns:ext="http://www.liquibase.org/xml/ns/dbchangelog-ext"
	xmlns:xsi="http://www.w3.org/2001/XMLSchema-instance"
	xsi:schemaLocation="http://www.liquibase.org/xml/ns/dbchangelog http://www.liquibase.org/xml/ns/dbchangelog/dbchangelog-2.0.xsd  http://www.liquibase.org/xml/ns/dbchangelog-ext http://www.liquibase.org/xml/ns/dbchangelog/dbchangelog-ext.xsd">

	<changeSet id="20190511_181600" author="leandro">

		<preConditions onFail="CONTINUE">
			<not>
				<tableExists tableName="tb_permissaoprograma" />
			</not>
		</preConditions>

		<createTable tableName="tb_permissaoprograma">

			<column name="id_permissaoprograma" type="NUMBER(18,0)" remarks="CÓDIGO INDENTIFICADOR">
				<constraints primaryKey="true" primaryKeyName="permissaoprograma_pk" nullable="false" />
			</column>

			<column name="cd_usuario" type="NUMBER(18,0)" remarks="CÓDIGO DO USUÁRIO">
				<constraints nullable="true" />
			</column>

			<column name="cd_perfil" type="NUMBER(18,0)" remarks="CÓDIGO DO PERFIL">
				<constraints nullable="true" />
			</column>

			<column name="cd_programa" type="NUMBER(18,0)" remarks="CÓDIGO DO PROGRAMA">
				<constraints nullable="false" />
			</column>

			<column name="fl_leitura" type="BOOLEAN" remarks="PERMISSÃO DE LEITURA">
				<constraints nullable="false" />
			</column>

			<column name="fl_cadastro" type="BOOLEAN" remarks="PERMISSÃO DE CADASTRO">
				<constraints nullable="false" />
			</column>

			<column name="fl_exclusao" type="BOOLEAN" remarks="PERMISSÃO DE EXCLUSÃO">
				<constraints nullable="false" />
			</column>

		</createTable>

		<createSequence sequenceName="gen_permissaoprograma" />

		<addForeignKeyConstraint baseColumnNames="cd_usuario" baseTableName="tb_permissaoprograma"
			constraintName="fk_permissao_usuario" onDelete="CASCADE" onUpdate="CASCADE" referencedColumnNames="id_usuario" referencedTableName="tb_usuario" />

		<addForeignKeyConstraint baseColumnNames="cd_programa" baseTableName="tb_permissaoprograma"
			constraintName="fk_permissao_programa" onDelete="CASCADE" onUpdate="CASCADE" referencedColumnNames="id_programa" referencedTableName="tb_programa" />

		<addForeignKeyConstraint baseColumnNames="cd_perfil" baseTableName="tb_permissaoprograma"
			constraintName="fk_permissao_perfil" onDelete="CASCADE" onUpdate="CASCADE" referencedColumnNames="id_perfil" referencedTableName="tb_perfil" />

	</changeSet>

</databaseChangeLog>
