<?xml version="1.0" encoding="UTF-8"?>
<databaseChangeLog xmlns="http://www.liquibase.org/xml/ns/dbchangelog"
	xmlns:ext="http://www.liquibase.org/xml/ns/dbchangelog-ext" xmlns:xsi="http://www.w3.org/2001/XMLSchema-instance"
	xsi:schemaLocation="http://www.liquibase.org/xml/ns/dbchangelog http://www.liquibase.org/xml/ns/dbchangelog/dbchangelog-2.0.xsd  http://www.liquibase.org/xml/ns/dbchangelog-ext http://www.liquibase.org/xml/ns/dbchangelog/dbchangelog-ext.xsd">
	<changeSet id="20190522_193200" author="lucas_Ruan">
		<preConditions onFail="CONTINUE">
			<not>
				<tableExists tableName="tb_departamento" />
			</not>
		</preConditions>
		<createTable tableName="tb_departamento">
			<column name="id_departamento" type="NUMBER(18,0)" remarks="CÓDIGO INDENTIFICADOR">
				<constraints primaryKey="true" primaryKeyName="departamento_pk"
					nullable="false" />
			</column>
			<column name="tx_descricao" type="VARCHAR(100)" remarks="CÓDIGO DO DEPARTAMENTO">
				<constraints nullable="false" />
			</column>
			
			
		</createTable>
		
		<createSequence sequenceName="gen_departamento" />
		
	</changeSet>
</databaseChangeLog>
