<?xml version="1.0" encoding="UTF-8"?>
<databaseChangeLog xmlns="http://www.liquibase.org/xml/ns/dbchangelog" xmlns:ext="http://www.liquibase.org/xml/ns/dbchangelog-ext"
	xmlns:xsi="http://www.w3.org/2001/XMLSchema-instance"
	xsi:schemaLocation="http://www.liquibase.org/xml/ns/dbchangelog http://www.liquibase.org/xml/ns/dbchangelog/dbchangelog-2.0.xsd  http://www.liquibase.org/xml/ns/dbchangelog-ext http://www.liquibase.org/xml/ns/dbchangelog/dbchangelog-ext.xsd">
	<changeSet id="20190911_203800" author="Lucas Boff">

		<preConditions onFail="CONTINUE">
			<not>
				<tableExists tableName="tb_operacoesestoque" />
			</not>
		</preConditions>

		<createTable tableName="tb_operacoesestoque">

			<column name="id_operacoesestoque" type="NUMBER(18,0)" remarks="CÓDIGO INDENTIFICADOR">
				<constraints primaryKey="true" primaryKeyName="operacoesestoque_pk" nullable="false" />
			</column>

			<column name="tx_descricao" type="VARCHAR(100)" remarks="DESCRIÇÃO DA OPERACAO">
				<constraints nullable="false" />
			</column>

			<column name="fl_operacao" type="VARCHAR(1)" remarks="TIPO DE OPERAÇÃO (E-ENTRADA,S-SAIDA)">
				<constraints nullable="false" />
			</column>

			<column name="fl_atualizacusto" type="BOOLEAN" remarks="ATUALIZA CUSTO">
				<constraints nullable="false" />
			</column>

		</createTable>

		<createSequence sequenceName="gen_operacoesestoque" />
	</changeSet>
</databaseChangeLog>
